{
    "train_losses": [
        0.8674955392645773,
        0.8154275625269518,
        0.8060763676696706,
        0.7900029035128862,
        0.7707824005426643,
        0.7382801143370677,
        0.7095663770537243,
        0.6998959747198895,
        0.6787320508779127,
        0.6569149997358157,
        0.6461834124972754,
        0.6250018470296848,
        0.6147068008760638,
        0.6093072542020389,
        0.5841949430508874,
        0.5825031540206523,
        0.5730656255259813,
        0.5566407811943288,
        0.5417089682920636,
        0.5359150169692567,
        0.5223119135861708,
        0.5099463315206901,
        0.5053219410296922,
        0.49203392383103045,
        0.4938908071714775,
        0.47444962875820823,
        0.4579778934287009,
        0.45083341458824755,
        0.4329552347269579,
        0.41949164843591014,
        0.4118580525311903,
        0.3968336331384001,
        0.39306832844026873,
        0.3746175286614308,
        0.3594767024291657,
        0.35156681002694345,
        0.33556883677979127,
        0.3239998584898429,
        0.31423545677398396,
        0.2990114096001525,
        0.28731717679218033
    ],
    "valid_losses": [
        0.833712854446509,
        0.8077529860543204,
        0.7897169684474563,
        0.7861116588254631,
        0.7278123299280802,
        0.705740127946947,
        0.6573554588642432,
        0.6448743917169548,
        0.6182080526729842,
        0.6315191961946465,
        0.5863995475646777,
        0.5961279713468396,
        0.5773065048497874,
        0.54134989854617,
        0.5323643370386049,
        0.5441536985355101,
        0.5923865700101519,
        0.502667081800652,
        0.5097010785883124,
        0.5082514713972043,
        0.46523892851698373,
        0.46053331381791124,
        0.4654481626335002,
        0.4679914521170663,
        0.45714538205753674,
        0.44173536670235763,
        0.4315961810536596,
        0.4186684457294313,
        0.4233046354669513,
        0.41179447365807487,
        0.4121801015380379,
        0.43390225989001613,
        0.4060881939523426,
        0.41582409624175315,
        0.4079406424002214,
        0.40044409064424064,
        0.41744313595734,
        0.40803658239769214,
        0.41834283930994137,
        0.4179625468098478,
        0.41753761098657177
    ],
    "train_dice_scores": [
        0.1412812952336324,
        0.19061247609585483,
        0.19400455595332677,
        0.20629409598447035,
        0.21979718582925403,
        0.25018259402756365,
        0.2766571102462977,
        0.2851171010185018,
        0.30905421227018304,
        0.32830027372795795,
        0.34009010147318225,
        0.3605228892258417,
        0.368752142282999,
        0.37609455818818827,
        0.40206731655467526,
        0.4040795305914949,
        0.4114590298319942,
        0.4232065005404019,
        0.43933082555486425,
        0.4433481986132189,
        0.45563564113230903,
        0.46537664481072866,
        0.4707626895644217,
        0.48097861598874536,
        0.48246302736424573,
        0.4980098046412004,
        0.5159544905873336,
        0.5229339821837079,
        0.5367820080761586,
        0.5509029176835214,
        0.5593652554580597,
        0.571179966634504,
        0.5779100141417329,
        0.5934273814075638,
        0.6051310559960402,
        0.6144273873572343,
        0.6261486171406214,
        0.6391832557880133,
        0.649174476630202,
        0.6617831336991606,
        0.6702524582333317
    ],
    "valid_dice_scores": [
        0.1769877895191833,
        0.19538942055824476,
        0.1985224522216059,
        0.20516376694043478,
        0.25842016219814895,
        0.2839995902596098,
        0.34078719197731194,
        0.34317673385004344,
        0.3736521885806308,
        0.36081045650657795,
        0.40650853799495384,
        0.3917666932086011,
        0.4133158944425605,
        0.4546228312390112,
        0.46237290669710207,
        0.45266964649542785,
        0.4084399864945934,
        0.5018455501480814,
        0.4771105292793754,
        0.48862300399855857,
        0.5209400652449726,
        0.5275885812886112,
        0.5245319083854035,
        0.5129726877857199,
        0.5283070273332663,
        0.5426773302482836,
        0.5554419555864134,
        0.562430808872054,
        0.5562042677319133,
        0.5715107898334245,
        0.5700163989911824,
        0.5458413921036087,
        0.5778922455294149,
        0.5687698749673394,
        0.5747582383089133,
        0.5828339714548249,
        0.5652357913675286,
        0.5718151225354566,
        0.5678960276650382,
        0.5600946755398125,
        0.5665131819831741
    ],
    "train_iou_scores": [
        0.08171017453599451,
        0.11377574971687301,
        0.11624867110928587,
        0.123918280501499,
        0.13263757183612107,
        0.1550104657359193,
        0.17555595011749217,
        0.1832917238202457,
        0.2028265965088071,
        0.21910188272694614,
        0.23015712870262592,
        0.24788692474523968,
        0.25486799312653774,
        0.26233988897143284,
        0.2856330027513593,
        0.288122463797761,
        0.2955858010783811,
        0.3079900241564815,
        0.3231094736710052,
        0.3267265712611685,
        0.33873341261308776,
        0.34980301160152044,
        0.3542722062010581,
        0.36483233520257646,
        0.36751791894356517,
        0.3812833599022003,
        0.40044035813144935,
        0.4064147074355901,
        0.4226313769499884,
        0.43675448256389754,
        0.44538213814622396,
        0.45892193540434706,
        0.46423196673551986,
        0.48113231057333405,
        0.49389168887973306,
        0.5042307527262108,
        0.51680149433616,
        0.5319468896493772,
        0.5424649909475989,
        0.5572555492149688,
        0.5678182680025875
    ],
    "valid_iou_scores": [
        0.10376700036453479,
        0.11631967349624855,
        0.11852746229349595,
        0.12333446619532881,
        0.1589166681805413,
        0.17748280095331598,
        0.2271045540179406,
        0.22670258807413507,
        0.24914804990197117,
        0.23851143542703215,
        0.28164328714628595,
        0.2655714587731795,
        0.2854841259114948,
        0.33205786138981375,
        0.3391379083231057,
        0.3271035790304482,
        0.30325357223446275,
        0.3703158525598077,
        0.3420743445555369,
        0.35107154939280244,
        0.39439214241532455,
        0.39836745592819783,
        0.4035559044434474,
        0.3939025893911615,
        0.3945110674365695,
        0.42688314675729033,
        0.43591579565635097,
        0.43877592286863526,
        0.429154634475708,
        0.445352756615841,
        0.4450718843853557,
        0.4333174685776095,
        0.4500583114323916,
        0.44864286270452824,
        0.4578324008932758,
        0.45711983264465156,
        0.4510902758244868,
        0.4575912356376648,
        0.45586939124794273,
        0.4482065781707808,
        0.4511878074326993
    ]
}