{
    "train_losses": [
        0.8538499093563674,
        0.620020284871763,
        0.527017003210502,
        0.4934090437012887,
        0.47025274928812977,
        0.4435376712231439,
        0.4306432133349534,
        0.41872664385248276,
        0.41008868206356874,
        0.4000262182339847,
        0.38235492871382265,
        0.36619759042475736,
        0.34825175746620574,
        0.3417779930263321,
        0.31811190072134554,
        0.2983542821220012,
        0.28991110870904835,
        0.2837202429136487,
        0.27548232853174526,
        0.2438220103952126
    ],
    "valid_losses": [
        0.7501687850707617,
        0.5380178721912535,
        0.48565612278340303,
        0.4186685516006185,
        0.39028735469271253,
        0.38961955175533164,
        0.5588748869084534,
        0.5578254197305177,
        0.3743094129440112,
        0.6027933313296392,
        0.38311164973776934,
        0.3769692368718572,
        0.5004377476263158,
        0.3699117989251108,
        0.3387580568140203,
        0.4072408513589339,
        0.38411429100659067,
        0.4693093594415482,
        0.36214538929345724,
        0.39546948101692825
    ],
    "train_dice_scores": [
        0.20057519149288197,
        0.38020047775597454,
        0.4466582681939065,
        0.4843105059489112,
        0.49871455067483467,
        0.5252735029841549,
        0.5347896658786921,
        0.5527175565692937,
        0.5547302812139457,
        0.5619626619050728,
        0.572759987828576,
        0.5928935425259302,
        0.6097824127474097,
        0.6156740130660696,
        0.6390226391279269,
        0.6537815895125012,
        0.6557986145806852,
        0.665532612133915,
        0.6695471731387823,
        0.6916849283022823
    ],
    "valid_dice_scores": [
        0.36303329113480093,
        0.45531262155179375,
        0.5097931844371182,
        0.5647930487608298,
        0.5669062766300771,
        0.5874548514128287,
        0.43455767895514036,
        0.38881017639364673,
        0.606727266645098,
        0.3942048577439813,
        0.5717539021740983,
        0.5806525692795262,
        0.4679852537897639,
        0.5999668754619875,
        0.6235357891151677,
        0.5430300945724362,
        0.591165705855354,
        0.5057297614348796,
        0.6077276860083733,
        0.5771686406958075
    ],
    "train_iou_scores": [
        0.11981135989711701,
        0.26905494301360394,
        0.33793288445504466,
        0.3738948853609565,
        0.39047518828896166,
        0.4181781142513539,
        0.4266338211083698,
        0.44478548168342374,
        0.44933865232251774,
        0.45814162532435593,
        0.47033371239622807,
        0.4914784915596445,
        0.507911294222513,
        0.5156179006185417,
        0.5397605347569868,
        0.5574958526024647,
        0.5605014676895345,
        0.5716357465272895,
        0.5775151148775763,
        0.6025674865344234
    ],
    "valid_iou_scores": [
        0.23804436460797326,
        0.32068077056280103,
        0.37767690760550243,
        0.43494029423017877,
        0.4590062260766685,
        0.46039442596457775,
        0.3006257370357469,
        0.31078861608649744,
        0.48821332404663514,
        0.2689442547745916,
        0.4674566499281041,
        0.47664592163268227,
        0.3886548949705137,
        0.47787358877542135,
        0.5221829713085593,
        0.44583972100611335,
        0.48692308022425723,
        0.3735498143381728,
        0.5061893395054868,
        0.4744365005504279
    ]
}