{
    "train_losses": [
        0.8583514987231888,
        0.8202321296843009,
        0.7801822812833418,
        0.7332367603375655,
        0.6795238318360757,
        0.6288587737496144,
        0.5954473521833255,
        0.5532827461448395,
        0.5233069111440534,
        0.4999172077991674,
        0.4796023068828049,
        0.4598426002954516,
        0.454411800628337,
        0.43851988594954244,
        0.42520382964658676,
        0.42825998351989825,
        0.4155960431429105,
        0.40169936847115323,
        0.393112147140122,
        0.3843469577686447,
        0.3805452836813844,
        0.37040327519138705,
        0.3566009699107804,
        0.3548858139549845,
        0.34817004735555535,
        0.34151238068124745,
        0.33504726256574996,
        0.32860854224422165,
        0.31742934150479923,
        0.3170523257769853,
        0.3170734744732294
    ],
    "valid_losses": [
        0.8523992844672748,
        0.8127782897793607,
        0.7600913592429706,
        0.6962662062722764,
        0.7491033438480261,
        0.5777059589232598,
        0.5893927320733771,
        0.4731331931683289,
        0.4579528459024318,
        0.5329099446187764,
        0.4050369901812716,
        0.4840079370912138,
        0.36781346061568715,
        0.3968091676563094,
        0.3879117782299335,
        0.36407288624134376,
        0.37535935167943957,
        0.37999120931247454,
        0.5528018994209094,
        0.34179719803216574,
        0.3655916187035176,
        0.4518944880901239,
        0.36059043957636905,
        0.3898536272538014,
        0.34101213511331374,
        0.3215407401253849,
        0.34223696443584417,
        0.33547813130981163,
        0.35423103120777155,
        0.3829890363144152,
        0.3828871566932518
    ],
    "train_dice_scores": [
        0.21284002089468682,
        0.2782912518625729,
        0.33526111887234666,
        0.37901107687131064,
        0.4193674794208511,
        0.44056059366536043,
        0.4519733531814758,
        0.4753457413373711,
        0.49746316449143757,
        0.5033478483696593,
        0.5147454469562688,
        0.5290696337204005,
        0.5227866774789502,
        0.539321155824293,
        0.552451849618701,
        0.5495072429015062,
        0.556475436004913,
        0.5707480116150827,
        0.5761032204494654,
        0.5854771852334552,
        0.5900513848039345,
        0.5957137978822985,
        0.6023610483473055,
        0.6097854505207504,
        0.6144777899893241,
        0.6190952580873563,
        0.6205922685831428,
        0.632096009470334,
        0.6369016426063568,
        0.6392958572161658,
        0.6429767408637644
    ],
    "valid_dice_scores": [
        0.25142592726609647,
        0.2255459513975468,
        0.35761294595567217,
        0.41877756488351,
        0.2941273069465077,
        0.4959287787234033,
        0.4362118048962457,
        0.560019746388033,
        0.5636571658241165,
        0.48379773589280933,
        0.5967518196795092,
        0.4941795851106132,
        0.618615829027616,
        0.5802438771808064,
        0.6004766681533316,
        0.5973506257250593,
        0.6041409805382326,
        0.5849002285715028,
        0.4063680242825221,
        0.6316595988951641,
        0.5949792469437027,
        0.47706598029547914,
        0.6110360676592047,
        0.5740612538266571,
        0.6196450574414714,
        0.6592543723977807,
        0.61625046566094,
        0.6335912599708095,
        0.6156916155681743,
        0.5932454815555563,
        0.5929709524263591
    ],
    "train_iou_scores": [
        0.12718631130718835,
        0.17272375633173712,
        0.2191832279079605,
        0.25814768961679124,
        0.2964856082129574,
        0.3204946826285275,
        0.33410917502268656,
        0.3587118919775108,
        0.3794873977072547,
        0.3890873331045819,
        0.4009258820118504,
        0.41596986287919563,
        0.4141989201505714,
        0.4297311424653476,
        0.44289911200060506,
        0.4420394435544782,
        0.4511056272945455,
        0.46407992457264113,
        0.4721675102069438,
        0.4807249134612306,
        0.4856461488137074,
        0.49345223810002903,
        0.5025422537374433,
        0.5081140579936031,
        0.5139504824275183,
        0.5199274386610394,
        0.521121800541084,
        0.5345798668943931,
        0.5398497307665656,
        0.5425028064438252,
        0.5449476347623589
    ],
    "valid_iou_scores": [
        0.15985116459828713,
        0.14380742769280236,
        0.24452762607927922,
        0.28537979367729666,
        0.21733533012700249,
        0.38119906992901176,
        0.31361766965378135,
        0.42422926307836056,
        0.4290642711943958,
        0.3437493492812266,
        0.46568534674344364,
        0.3870753143633996,
        0.49899118666326525,
        0.4611999783621524,
        0.4693567712545951,
        0.4880551908399675,
        0.48603822864018953,
        0.4803770474203817,
        0.3220710799202219,
        0.5120725088464074,
        0.4845233089301414,
        0.39129910289824427,
        0.5069782786713891,
        0.4722331980447391,
        0.519974101673473,
        0.5389916088197615,
        0.5128298258725857,
        0.5109731228479416,
        0.5066506777887856,
        0.4746446405952071,
        0.4692102770705323
    ]
}