{
    "train_losses": [
        0.852950911388575,
        0.8085146900340816,
        0.7706961565106591,
        0.7241848137343772,
        0.6743544459977893,
        0.6247780510334772,
        0.5886838926614998,
        0.5517829983593144,
        0.5274573023246226,
        0.507554979362437,
        0.49521691948373847,
        0.4701286792437659,
        0.45553693861840727,
        0.45146120491421493,
        0.4339023508657311,
        0.4356811117237005,
        0.4220855080494074,
        0.41351157791922477,
        0.39448196402243707,
        0.392289282081924,
        0.38790610881048576,
        0.37110082422210755,
        0.368882675224868,
        0.36402674918168393,
        0.35214909169073905,
        0.3513551810768727,
        0.33322998210688565,
        0.32493037342549,
        0.32449474220428265,
        0.3106357899709008,
        0.3120535006535831,
        0.30216802928482644,
        0.2867786435884102
    ],
    "valid_losses": [
        0.8294142683347067,
        0.8141416411299806,
        0.7468949102021597,
        0.7794563825869616,
        0.6438523275313122,
        0.6104640935684418,
        0.5146701284499713,
        0.5181578067077067,
        0.5050436063802047,
        0.440816154291024,
        0.5143206262644077,
        0.5321392447520525,
        0.5029978283913263,
        0.41338744446947856,
        0.41997210962789044,
        0.3732450478004687,
        0.38438990024419933,
        0.38064808417589235,
        0.3761408315116153,
        0.4077593855090908,
        0.37014545691319,
        0.40484481855428023,
        0.3514114175087366,
        0.37558968709065366,
        0.38258416808290635,
        0.41737362443706094,
        0.35666343437763914,
        0.34993246954915685,
        0.36751163575476975,
        0.37023063597979244,
        0.3825785869207138,
        0.36458042646065736,
        0.37021296049331454
    ],
    "train_dice_scores": [
        0.22338425212312793,
        0.311080059222629,
        0.34968274216677314,
        0.39022470480909993,
        0.41589794941891367,
        0.4388421565968886,
        0.456189112085477,
        0.47681883933858454,
        0.48925451841081347,
        0.5043618200463398,
        0.5031402227723011,
        0.5225065312436354,
        0.5304058310830005,
        0.5285143530003716,
        0.5443770604508218,
        0.540539367618002,
        0.5506340619251033,
        0.5632898151160239,
        0.5815524157290453,
        0.5813546072785928,
        0.5853311201624483,
        0.5942121310811862,
        0.5983064023061059,
        0.6010329567798762,
        0.6145155971123281,
        0.6159714122269347,
        0.624742395868314,
        0.6304091058780604,
        0.6313064979332265,
        0.6457613754208967,
        0.64435985077237,
        0.6553145370851662,
        0.6613513790021406
    ],
    "valid_dice_scores": [
        0.3178363122862258,
        0.26152373325852524,
        0.3871300213542574,
        0.2326321691483051,
        0.44381764065691365,
        0.42412193241097157,
        0.5375960387272157,
        0.5090714387404613,
        0.5195673912555188,
        0.5586785276036162,
        0.4665859207545683,
        0.4683286967255297,
        0.4729504317114681,
        0.5655717413464348,
        0.5628514110625207,
        0.6083814407284165,
        0.5801161110123276,
        0.5959770800350429,
        0.6194173443567502,
        0.5530899001723959,
        0.5948892050967628,
        0.5503115176043033,
        0.6210967846961566,
        0.589590872779037,
        0.5736602030711851,
        0.5556004630935776,
        0.620656299146461,
        0.6342927841317682,
        0.5965699190860028,
        0.6024856489577216,
        0.5856449399794732,
        0.6066194146107404,
        0.5677372741671431
    ],
    "train_iou_scores": [
        0.13457862328435388,
        0.1985127325461168,
        0.23151639842002908,
        0.26753616662381013,
        0.29343931954329244,
        0.31976569698907725,
        0.3370889235590492,
        0.3590417183270943,
        0.3732567020802301,
        0.3884468446876333,
        0.3901060603350679,
        0.41053144437336575,
        0.41939697256894626,
        0.4177964880725198,
        0.4348178757491029,
        0.43324490214949757,
        0.4427067719191591,
        0.4553302023286985,
        0.4745199511673416,
        0.4748147977255632,
        0.47969246267796195,
        0.49030912271669796,
        0.49221272816194517,
        0.49814289145558555,
        0.5126875771504744,
        0.5134197625513877,
        0.5253181547997954,
        0.5299230071104636,
        0.5323883837929737,
        0.5481184608291849,
        0.545342404420144,
        0.5587603249022869,
        0.5668033977323144
    ],
    "valid_iou_scores": [
        0.21420264181557236,
        0.15970938338405324,
        0.26388685380940113,
        0.16384632861141837,
        0.3296387603371849,
        0.28871594372884934,
        0.39794255150503766,
        0.4011622590896411,
        0.38001281092494793,
        0.43070716784272717,
        0.37830463725648006,
        0.3303375183702349,
        0.3811124884859943,
        0.4539129407533677,
        0.43224795145310446,
        0.48676010806521613,
        0.45963362706846844,
        0.4689865722244992,
        0.4880965768874108,
        0.4355658045459738,
        0.48859787619475165,
        0.44957803623937503,
        0.5003766620353663,
        0.4870054164688626,
        0.46557124775328557,
        0.4619674184522429,
        0.4941944054095617,
        0.5147003978838176,
        0.49286791494676285,
        0.49567172091046136,
        0.48223258301372574,
        0.49991004867153566,
        0.4664467885082974
    ]
}